seller_name,seller_email,seller_phone_no,seller_state,seller_city
,bbilsford0@intel.com,319-296-8229,United Kingdom,Merton
Bartoletti LLC,epantling1@smh.com.au,757-960-9643,United Kingdom,Marston
Corkery LLC,wca2@ny@times.com,597-299-8102,United Kingdom,Glasgow
Flatley Group,idullingham3@mediafire.com,989-573-5671,United Kingdom,Twyford
Thiel-Jacobs,sbellringer4@addthis.com,399-802-9714,United Kingdom,Newton
"Wilkinson, Beier and Ebert",lschimke5@nih.gov,999-874-4492/,United Kingdom,Ford
Homenick-Botsford,ostannard6@furl.net.,186-884-5750(),United Kingdom,Stapleford
Murphy Group,ccollinson7@bloomberg.com,467-628-0900,United Kingdom,Birmingham
Langworth-Weimann,ccollinson7@bloomberg.com,535-948-5388,United Kingdom,Burnside
"McClure, Powlowski and Block",rashdown9@nydailynews.com,441-544-9115,United Kingdom,Sheffield
"Brown, Luettgen and Corwin",cskallsa@ft.com,501-138-7067,United Kingdom,Marston
Hamill-Barrows,osalvatib@smugmug.com,145-805-3133,United Kingdom,Newtown
Mertz Group,sboguec@scribd.com,893-834-6929,United Kingdom,Newtown
,broelofsend@blogs.com,248-273-7924,United Kingdom,Bristol
"Stanton, Bogisich and Ryan",vbelloe@amazon.co.jp,478-561-6694,United Kingdom,Stapleford
"Ledner, Fahey and Cruickshank",sgelardif@salon.com,242-513-4222,United Kingdom,Sheffield
Jacobi and Sons,lmcgrillg@ocn.ne.jp,382-907-7991,United Kingdom,Milton
"Bauch, Jones and Smith",cantushevh@blog.com,264-370-7540,United Kingdom,Newton
Keebler Inc,awillavizei@jimdo.com,716-956-5401,United Kingdom,Denton
Welch-Feest,bslopierj@dot.gov,629-586-7580,United Kingdom,Sheffield
"Casper, Ondricka and Flatley",bclitherowk@google.com.br,917-663-6871,United Kingdom,Langley
Sauer LLC,osainerl@g.co,563-467-4699,United Kingdom,Ford
Bosco LLC,bpalkm@google.co.jp,252-894-1769,United Kingdom,Burnside
Stanton Group,foccleshawn@drupal.org,747-581-9364,United Kingdom,West End
"Stokes, Roberts and Roob",abrongero@de.vu,935-621-0012,United Kingdom,Birmingham
Bode Group,mtomkysp@yelp.com,239-470-8527,United Kingdom,Sheffield
Turner-Rau,fmccroaryq@a8.net,578-529-7797,United Kingdom,Milton
Barton-Bergstrom,slimbrickr@google.ru,530-653-0518,United Kingdom,Preston
Dooley-Graham,pmariss@unicef.org,975-161-4688,United Kingdom,Craigavon
"Morar, Kuhlman and Dooley",jstatont@ed.gov,156-857-0241,United Kingdom,East End
"Hane, Mills and Bartell",gwantlingu@mashable.com,820-816-5411,United Kingdom,Twyford
"Daugherty, Roob and Okuneva",agrebertv@geocities.com,168-791-9588,United Kingdom,Swindon
Lubowitz Group,mgillbeew@google.com.br,196-131-1444,United Kingdom,Newtown
Collins-Witting,dtumayanx@linkedin.com,750-981-0082,United Kingdom,Seaton
Schulist-Collier,mbenallacky@exblog.jp,553-938-3769,United Kingdom,Sutton
"Thompson, Purdy and Steuber",jdunlopz@xinhuanet.com,413-724-3018,United Kingdom,Whitchurch
Goodwin-Robel,hendacott10@scribd.com,107-697-1909,United Kingdom,Milton
"Medhurst, Vandervort and Schulist",hbowness11@oakley.com,748-687-0210,United Kingdom,Stapleford
Cummerata-Parker,psustin12@shinystat.com,730-185-9030,United Kingdom,London
"Barrows, Konopelski and Wiegand",mtheriot13@sitemeter.com,251-806-3743,United Kingdom,London
"Ortiz, Hane and Roberts",jmulholland14@usda.gov,612-836-4941,United Kingdom,East End
Schinner-Schowalter,rverbeke15@usatoday.com,998-892-7555,United Kingdom,Seaton
Tillman-Mante,bwoodrup16@cdbaby.com,719-652-2879,United Kingdom,Preston
Runolfsdottir-Hyatt,pnorgate17@va.gov,395-161-8898,United Kingdom,Norton
"Gerhold, Hahn and Ledner",ghauxley18@privacy.gov.au,371-700-0151,United Kingdom,Swindon
Kulas Group,gstarcks19@rediff.com,998-690-1902,United Kingdom,Swindon
Ritchie and Sons,dmaudett1a@i2i.jp,436-308-8903,United Kingdom,Aberdeen
"Schmeler, Ziemann and Herzog",dtuck1b@dion.ne.jp,539-103-1120,United Kingdom,Linton
Abernathy-Smitham,lculmer1c@amazon.co.uk,110-914-5891,United Kingdom,Merton
O'Keefe-Schuster,atunnah1d@ox.ac.uk,761-789-7847,United Kingdom,Edinburgh
Gleichner-Jakubowski,ldonat1e@csmonitor.com,480-292-5835,United Kingdom,Manchester
Senger Group,kbatman1f@loc.gov,965-663-8071,United Kingdom,Upton
Grimes-Turcotte,tronnay1g@go.com,585-443-6686,United Kingdom,Upton
Ledner and Sons,verrowe1h@bizjournals.com,281-228-5560,United Kingdom,Ashley
O'Kon Group,smctear1i@oakley.com,305-747-2966,United Kingdom,Leeds
Dickens LLC,rlaurisch1j@google.com.hk,670-927-7461,United Kingdom,Carlton
Nicolas Group,afazackerley1k@unicef.org,408-906-1473,United Kingdom,Upton
Wilkinson-Ankunding,fpykerman1l@samsung.com,454-364-6331,United Kingdom,London
"Jerde, Dickens and Wiegand",jsnel1m@cornell.edu,756-232-8618,United Kingdom,Newton
Weissnat Group,esignori1n@irs.gov,398-290-0198,United Kingdom,Sheffield
Becker Group,lcallingham1o@youtube.com,657-605-5277,United Kingdom,Brampton
Doyle Group,tgrichukhanov1p@weather.com,865-708-1786,United Kingdom,Bradford
Hyatt-Lynch,klettsom1q@squarespace.com,196-674-4630,United Kingdom,Church End
Cole-Renner,zcolbertson1r@networksolutions.com,112-141-1299,United Kingdom,Horton
"Effertz, Heidenreich and Sauer",amidlar1s@flavors.me,729-767-5982,United Kingdom,Hatton
"Pollich, Gulgowski and Gutkowski",jgibbin1t@people.com.cn,707-483-2435,United Kingdom,Wirral
West-Stanton,mpalphramand1u@tripod.com,404-959-0633,United Kingdom,Glasgow
Graham-Kuhic,jharrowing1v@nymag.com,789-783-1448,United Kingdom,Tullich
"Cummings, Casper and Hauck",rhorsted1w@cmu.edu,602-686-0558,United Kingdom,Aberdeen
"Blanda, Nolan and Hilll",dawcock1x@springer.com,929-315-0240,United Kingdom,Merton
Gorczany and Sons,jnestor1y@pinterest.com,995-812-7868,United Kingdom,Aberdeen
"Cummings, Krajcik and Rolfson",adorton1z@globo.com,852-367-4171,United Kingdom,Aston
Johnson Inc,dclendening20@mayoclinic.com,992-377-0437,United Kingdom,Newbiggin
Kunde-Kuhlman,tmcgarrity21@uol.com.br,297-231-5410,United Kingdom,London
"Schuster, Beier and Cronin",ahansley22@deliciousdays.com,890-728-6209,United Kingdom,Aberdeen
Goldner-Aufderhar,gcocking23@booking.com,681-919-3057,United Kingdom,Kinloch
Gutkowski-Schaden,ytackley24@blog.com,801-653-6771,United Kingdom,London
Schimmel-Terry,fgallyon25@home.pl,838-316-3286,United Kingdom,Sheffield
"Bogisich, Lebsack and Wiza",pjans26@businesswire.com,473-437-1246,United Kingdom,Walton
Kihn-Crona,adreossi27@hatena.ne.jp,625-965-7762,United Kingdom,Eaton
Konopelski-Effertz,ihartfield28@mashable.com,204-217-0980,United Kingdom,Tullich
Satterfield-Lind,vgreenough29@samsung.com,931-739-4827,United Kingdom,Ford
DuBuque-Bednar,msplevin2a@parallels.com,926-760-0244,United Kingdom,Bradford
"Kuvalis, Terry and Collier",ecolbeck2b@army.mil,369-906-4298,United Kingdom,Newton
Williamson-Littel,rlafford2c@ustream.tv,289-986-9376,United Kingdom,Halton
Harris LLC,ymullins2d@skype.com,289-482-9925,United Kingdom,Hatton
"Rosenbaum, Roob and Weimann",dduplain2e@nba.com,427-330-3257,United Kingdom,Newbiggin
Fahey Inc,ishotboult2f@google.ca,382-987-9470,United Kingdom,Swindon
Quigley LLC,mbispo2g@vk.com,491-123-2563,United Kingdom,Middleton
"Frami, Willms and Bins",oyankin2h@google.de,411-889-6769,United Kingdom,Norton
"Lubowitz, Hermiston and Beatty",tembra2i@tumblr.com,998-846-6700,United Kingdom,Charlton
Sawayn LLC,rarnould2j@go.com,917-678-0881,United Kingdom,London
Luettgen-Schaefer,ttorritti2k@eepurl.com,275-655-2118,United Kingdom,Birmingham
"Bednar, Kreiger and Beier",nwindross2l@java.com,751-712-8341,United Kingdom,East End
"Gibson, Boyer and Bednar",jdalligan2m@pagesperso-orange.fr,917-380-6434,United Kingdom,Ashley
Nitzsche-Von,mchellam2n@globo.com,328-131-4851,United Kingdom,West End
"Fisher, Bailey and Trantow",vsheber2o@acquirethisname.com,395-658-3248,United Kingdom,Newton
"Cassin, Leffler and Heathcote",hcoats2p@stanford.edu,236-701-3454,United Kingdom,London
D'Amore-Marvin,cdorbin2q@wufoo.com,132-103-2315,United Kingdom,Merton
"Leannon, Friesen and Abbott",sosipenko2r@paginegialle.it,383-166-0620,United Kingdom,Burnside
Pollich-Goldner,pghiotto2s@cocolog-nifty.com,418-477-7621,United Kingdom,Bristol
Wolff and Sons,dbennetto2t@patch.com,208-521-6727,United Kingdom,East End
Thompson LLC,abraidford2u@google.com.br,903-285-4536,United Kingdom,Halton
Cole-Rogahn,dlecount2v@patch.com,737-940-2058,United Kingdom,Sutton
"Terry, Denesik and Larkin",ogerrietz2w@shutterfly.com,725-862-1569,United Kingdom,Newton
Rath-Kub,nkenington2x@boston.com,954-735-6545,United Kingdom,Birmingham
Huels-Shields,adockrell2y@mayoclinic.com,755-375-6849,United Kingdom,Hatton
Mante-Durgan,wjon2z@mashable.com,953-979-1652,United Kingdom,London
Schumm-VonRueden,mnadin30@samsung.com,517-855-0101,United Kingdom,Brampton
Haley Inc,lstartin31@apple.com,926-546-7241,United Kingdom,Newtown
"Schoen, Conroy and Jerde",fjerschke32@usa.gov,108-371-5775,United Kingdom,Edinburgh
Becker-Parisian,aprettyman33@nbcnews.com,727-494-3958,United Kingdom,Sutton
Welch Group,ppinchen34@bigcartel.com,375-603-7318,United Kingdom,Carlton
Stamm Inc,dhizir35@dyndns.org,766-603-6280,United Kingdom,Newbiggin
"Murray, Murazik and McKenzie",abaggiani36@sciencedaily.com,614-192-9493,United Kingdom,Kirkton
Steuber-Gottlieb,msarll37@sbwire.com,895-636-5175,United Kingdom,Liverpool
Stark Group,rparnell38@icq.com,235-849-9024,United Kingdom,Ashley
"Pagac, Reichel and Cole",dguys39@scientificamerican.com,421-728-6424,United Kingdom,Seaton
"Fisher, Jakubowski and Senger",nemeny3a@qq.com,548-345-2376,United Kingdom,Norton
"Lowe, Mitchell and Watsica",aturgoose3b@ucoz.ru,552-993-2105,United Kingdom,Horton
Hilpert-Turner,iloughrey3c@printfriendly.com,849-434-6406,United Kingdom,Birmingham
"Waelchi, Shanahan and Paucek",hmcconnel3d@prweb.com,828-345-8340,United Kingdom,London
O'Hara Inc,ritter3e@ebay.co.uk,776-766-1182,United Kingdom,Wootton
"Barton, Kuphal and Gutkowski",bgarnson3f@t.co,786-884-0325,United Kingdom,Wootton
Littel LLC,mmontez3g@cafepress.com,984-985-0935,United Kingdom,Newton
Denesik-Reilly,zperacco3h@chicagotribune.com,480-956-9652,United Kingdom,Whitwell
McKenzie-Kilback,oavent3i@wp.com,282-248-3570,United Kingdom,Twyford
McClure-Wiegand,dmungham3j@hao123.com,464-525-8304,United Kingdom,London
Dickinson Group,ktindley3k@google.fr,108-537-4559,United Kingdom,Newtown
Moen-Lowe,mmacro3l@un.org,540-715-8752,United Kingdom,Langley
Kautzer-Armstrong,bkilsby3m@hubpages.com,375-671-6795,United Kingdom,Seaton
"Muller, Lebsack and Cummings",vpigne3n@biblegateway.com,545-309-5781,United Kingdom,Glasgow
"Abbott, Huels and Kautzer",ahegel3o@etsy.com,486-186-3460,United Kingdom,East End
Fritsch-Gorczany,wbentzen3p@salon.com,100-347-6597,United Kingdom,London
Ledner Group,jmurrison3q@etsy.com,384-451-6499,United Kingdom,Norton
Denesik-Lueilwitz,ftwyning3r@hostgator.com,940-532-9344,United Kingdom,Leeds
Kihn and Sons,wtrim3s@discovery.com,919-336-6831,United Kingdom,Craigavon
Smith-Cartwright,lharmour3t@bigcartel.com,224-371-0927,United Kingdom,Kirkton
Reynolds Group,sokeaveny3u@microsoft.com,967-429-8029,United Kingdom,Norton
"Schaden, Kuhlman and Orn",vmariette3v@cisco.com,335-663-6071,United Kingdom,Denton
Steuber-Deckow,jcowle3w@whitehouse.gov,383-834-1116,United Kingdom,Liverpool
Kessler Group,zgoodlatt3x@statcounter.com,802-825-9014,United Kingdom,Wirral
"Fay, O'Reilly and King",areddihough3y@harvard.edu,290-654-6544,United Kingdom,Kinloch
McLaughlin-Bailey,pmccraw3z@unicef.org,923-781-4385,United Kingdom,Upton
"Nicolas, Abshire and Farrell",lstempe40@vistaprint.com,991-661-9705,United Kingdom,Thorpe
Lowe Group,gcrutchley41@indiegogo.com,145-276-5349,United Kingdom,Kingston
Halvorson and Sons,abernardelli42@icio.us,492-239-8101,United Kingdom,East End
O'Keefe-Stoltenberg,brossander43@spiegel.de,263-594-5858,United Kingdom,Wootton
Schuppe LLC,twillbond44@nba.com,344-848-5955,United Kingdom,Bradford
Kerluke and Sons,pdunlea45@google.pl,516-135-2821,United Kingdom,Belfast
Windler Inc,jmaddox46@abc.net.au,118-157-7050,United Kingdom,Eaton
"Fahey, Murray and Conroy",airedell47@prlog.org,684-461-0711,United Kingdom,Stapleford
"Considine, Gleason and Lemke",ddilgarno48@state.tx.us,450-870-1489,United Kingdom,Normanton
"Reynolds, Kessler and Bruen",djachimiak49@webnode.com,499-345-7958,United Kingdom,Thorpe
"Towne, Feest and Spinka",fleroy4a@webs.com,272-410-9452,United Kingdom,London
Hettinger and Sons,gmaty4b@youtube.com,695-672-3177,United Kingdom,Tullich
"Dickinson, Trantow and Ziemann",llangmuir4c@weebly.com,369-502-5268,United Kingdom,Upton
Bednar-Williamson,dokieran4d@topsy.com,171-344-3245,United Kingdom,Upton
"MacGyver, Senger and Erdman",mcoldham4e@istockphoto.com,288-893-5836,United Kingdom,Whitchurch
Carter Inc,sdegg4f@time.com,740-759-4581,United Kingdom,London
"MacGyver, Quitzon and Doyle",ddevonald4g@google.de,635-925-8364,United Kingdom,Manchester
Jones Inc,kravenhill4h@google.de,149-679-0934,United Kingdom,Newbiggin
"Little, Oberbrunner and Hessel",rwegener4i@topsy.com,565-443-8095,United Kingdom,Whitchurch
"Heidenreich, Kuvalis and Pfannerstill",aconnal4j@themeforest.net,928-797-5376,United Kingdom,Aberdeen
Stanton Group,smcgoogan4k@google.ru,358-637-5612,United Kingdom,Pentre
Schmeler LLC,zhardypiggin4l@japanpost.jp,143-910-6056,United Kingdom,Dean
Bergnaum and Sons,mschulz4m@about.com,223-471-7887,United Kingdom,Ashley
"Schmitt, Jakubowski and Hilll",scoste4n@lycos.com,105-602-8249,United Kingdom,Aberdeen
"Smitham, Leffler and Champlin",ncreamen4o@washingtonpost.com,896-276-7754,United Kingdom,Aberdeen
Vandervort LLC,alandeg4p@uol.com.br,713-616-9347,United Kingdom,Stapleford
Stark LLC,pandrat4q@devhub.com,965-763-2534,United Kingdom,Belfast
Bednar LLC,dissitt4r@alexa.com,663-343-8788,United Kingdom,Upton
Medhurst and Sons,ealeksahkin4s@uol.com.br,606-803-4894,United Kingdom,Twyford
Zieme Group,dlonghi4t@topsy.com,753-135-4498,United Kingdom,Linton
"O'Kon, Pfeffer and Streich",ugarm4u@phpbb.com,138-599-9753,United Kingdom,Normanton
"Schimmel, Von and Rutherford",bgillmor4v@cmu.edu,281-311-0811,United Kingdom,Twyford
Cole LLC,pwike4w@1688.com,762-879-7039,United Kingdom,Wirral
"Schaefer, Durgan and Skiles",mgoodbourn4x@nih.gov,758-873-7482,United Kingdom,Newtown
Lindgren-Satterfield,kstallon4y@examiner.com,684-592-9159,United Kingdom,London
Stamm-Waters,sgresley4z@diigo.com,829-513-0323,United Kingdom,Tullich
Turcotte LLC,jcowin50@xing.com,290-137-8776,United Kingdom,Church End
Schulist and Sons,veffaunt51@webnode.com,926-704-2637,United Kingdom,Upton
"West, Volkman and Paucek",smccomb52@studiopress.com,906-490-7000,United Kingdom,Horton
"Paucek, Borer and Rowe",nchippin53@imdb.com,564-552-8977,United Kingdom,Milton
Kovacek-Rau,cnoseworthy54@exblog.jp,926-557-2345,United Kingdom,Milton
Mann-Ebert,erubenov55@godaddy.com,764-495-6858,United Kingdom,Milton
"Glover, Lang and Tillman",dkerss56@networkadvertising.org,312-674-6087,United Kingdom,Sutton
Rohan-Rempel,ytunsley57@baidu.com,643-493-6455,United Kingdom,Sutton
Hickle Group,mhaskew58@odnoklassniki.ru,446-869-6353,United Kingdom,Carlton
Cummerata-Braun,sdickerline59@nydailynews.com,331-978-4492,United Kingdom,Walton
Johns Group,zmcgookin5a@webs.com,394-680-9758,United Kingdom,Belfast
"Lemke, Hauck and Gutkowski",csteele5b@icq.com,515-611-3840,United Kingdom,Pentre
"Treutel, Walker and Kerluke",bholworth5c@bbb.org,386-515-0845,United Kingdom,Walton
Koelpin-Lemke,rpinchback5d@google.com.br,288-266-6468,United Kingdom,Church End
Smith-Prosacco,ktrahair5e@delicious.com,220-636-6578,United Kingdom,Liverpool
Lakin Inc,gpetrollo5f@bizjournals.com,922-118-7584,United Kingdom,Sutton
Mayert Group,umathen5g@ihg.com,398-661-8906,United Kingdom,Walton
Beahan-Sauer,fwade5h@mayoclinic.com,564-318-1381,United Kingdom,Seaton
Harvey LLC,elife5i@sohu.com,134-225-7118,United Kingdom,Sheffield
Mayer LLC,trhymes5j@amazon.co.jp,484-990-1809,United Kingdom,Whitwell
"Hintz, Gutmann and Abshire",glasselle5k@msn.com,187-432-7482,United Kingdom,London
"DuBuque, Okuneva and Leannon",zchue5l@google.es,431-392-7380,United Kingdom,London
"Metz, Cruickshank and Hahn",tdick5m@instagram.com,347-210-1251,United Kingdom,Belfast
Morar-Wiza,cgravenall5n@mysql.com,312-926-0882,United Kingdom,Hatton
Thiel-Roob,sbartali5o@desdev.cn,553-471-1657,United Kingdom,Sheffield
Kuhn LLC,amaccurlye5p@hao123.com,418-818-9445,United Kingdom,Church End
"Ruecker, Lowe and Cole",gklassman5q@icq.com,745-807-0228,United Kingdom,London
Lehner Group,fgollop5r@shareasale.com,883-600-1149,United Kingdom,Swindon
"Nader, Keeling and Skiles",fbelvin5s@last.fm,615-513-9067,United Kingdom,Edinburgh
Waelchi Group,sgrogona5t@alexa.com,537-916-2317,United Kingdom,Liverpool
Koss and Sons,lbatiste5u@theglobeandmail.com,134-650-3976,United Kingdom,Carlton
"Ullrich, Carroll and Mueller",arumin5v@ibm.com,435-717-3594,United Kingdom,Wirral
Rice-Botsford,bmercy5w@tinyurl.com,236-849-2833,United Kingdom,Weston
Nicolas-Corwin,tfisby5x@istockphoto.com,836-668-8675,United Kingdom,Birmingham
Schmitt-Nicolas,aminet5y@vimeo.com,937-235-7286,United Kingdom,Wootton
"Bogan, Dare and Carroll",bturner5z@nsw.gov.au,122-867-5802,United Kingdom,Sutton
"Orn, McDermott and Kessler",zdugald60@a8.net,626-188-6582,United Kingdom,London
Okuneva and Sons,boshea61@nbcnews.com,937-464-0454,United Kingdom,Twyford
Wintheiser and Sons,clupton62@diigo.com,344-345-7597,United Kingdom,Norton
"Hayes, Murazik and Mraz",rragless63@xrea.com,265-892-1757,United Kingdom,Denton
"Toy, Reichel and Gutkowski",aivanuschka64@go.com,650-960-3464,United Kingdom,Stapleford
Auer-Stroman,jbavridge65@blogger.com,137-890-3093,United Kingdom,Brampton
"D'Amore, Frami and Weber",sjoret66@reverbnation.com,284-676-9974,United Kingdom,Birmingham
Block-Turner,gzapater67@sogou.com,498-952-2712,United Kingdom,Swindon
"Franecki, Boyle and Bernier",hwakefield68@so-net.ne.jp,843-619-7929,United Kingdom,Sheffield
"Lang, Hilpert and Rice",kpitman69@webs.com,963-372-2079,United Kingdom,London
"Treutel, Robel and Gusikowski",nmundle6a@shareasale.com,812-673-1550,United Kingdom,East End
Hansen-Ortiz,bnewson6b@csmonitor.com,127-434-4915,United Kingdom,Manchester
"Littel, Heathcote and Cruickshank",keakeley6c@mozilla.com,290-621-0936,United Kingdom,Swindon
Ryan-Prosacco,rduly6d@harvard.edu,651-605-4153,United Kingdom,Linton
"Bosco, Reichert and Brekke",jrowlinson6e@sourceforge.net,555-598-5101,United Kingdom,Wootton
Rodriguez and Sons,dloveredge6f@furl.net,665-902-0898,United Kingdom,Wirral
"Pouros, Effertz and Schulist",grannells6g@spotify.com,144-728-7022,United Kingdom,Weston
"Swaniawski, Hessel and Davis",icalvard6h@sfgate.com,690-679-3185,United Kingdom,Buckland
Lubowitz Inc,hcockroft6i@is.gd,413-962-1163,United Kingdom,Langley
Romaguera and Sons,aloveman6j@pagesperso-orange.fr,253-812-8003,United Kingdom,London
Wolff-Leannon,cchiene6k@mapy.cz,723-441-8890,United Kingdom,London
Oberbrunner-Luettgen,cloftus6l@reference.com,511-483-2835,United Kingdom,Newport
O'Hara-VonRueden,hgenn6m@mashable.com,829-216-6744,United Kingdom,West End
Schmidt Inc,rcavendish6n@studiopress.com,952-898-3294,United Kingdom,Buckland
Bergstrom LLC,ccaroline6o@toplist.cz,769-115-5702,United Kingdom,Sutton
Jenkins LLC,mblinckhorne6p@epa.gov,970-534-1505,United Kingdom,Linton
"Ziemann, Smith and Mraz",pdorkens6q@uiuc.edu,996-752-8630,United Kingdom,Ford
Dicki-Jacobs,triha6r@upenn.edu,832-570-4346,United Kingdom,Newtown
Christiansen-Block,ybrimmacombe6s@weebly.com,386-560-3823,United Kingdom,Halton
Kirlin-Mante,pheckner6t@tamu.edu,642-130-5911,United Kingdom,Whitwell
Flatley Inc,bsothcott6u@studiopress.com,623-324-5712,United Kingdom,Marston
"Bechtelar, Adams and Stehr",mmalyj6v@mashable.com,630-381-6471,United Kingdom,Merton
Gutkowski and Sons,sfullard6w@ow.ly,835-162-3319,United Kingdom,Church End
Howell Inc,lroskell6x@yale.edu,459-335-8427,United Kingdom,Liverpool
Lueilwitz and Sons,acraxford6y@godaddy.com,127-976-9791,United Kingdom,Preston
Howell Group,schandler6z@about.me,370-795-6392,United Kingdom,London
"DuBuque, Hilpert and Mosciski",jbradford70@nifty.com,778-828-5282,United Kingdom,Glasgow
Mertz-Gorczany,rmcnirlin71@tmall.com,994-781-1874,United Kingdom,Bristol
Price Group,pmcilvoray72@cafepress.com,684-598-4657,United Kingdom,London
Nikolaus and Sons,cfarfull73@baidu.com,914-686-8019,United Kingdom,Sheffield
"Mohr, Hagenes and Schmitt",ltousy74@ocn.ne.jp,568-322-3576,United Kingdom,Burnside
"Konopelski, Boehm and Prosacco",vvanini75@umn.edu,791-851-4606,United Kingdom,Kirkton
Schowalter and Sons,hells76@weebly.com,896-878-6162,United Kingdom,West End
Keeling-Hilpert,ldenisard77@addtoany.com,797-225-1702,United Kingdom,Kinloch
Rogahn and Sons,rheimann78@vistaprint.com,853-437-9470,United Kingdom,London
"O'Hara, Bahringer and Morar",gpage79@tiny.cc,377-426-2680,United Kingdom,Norton
Nader Group,wstaff7a@wix.com,730-458-1604,United Kingdom,London
Paucek and Sons,lvonhindenburg7b@google.com.hk,904-403-5745,United Kingdom,Charlton
Shields-Yost,cgiblett7c@alibaba.com,563-344-1725,United Kingdom,Bradford
Leuschke Inc,kstradling7d@ycombinator.com,717-860-0937,United Kingdom,Newport
"Dibbert, Cormier and Legros",dguidetti7e@nyu.edu,860-768-5945,United Kingdom,Sutton
"Miller, Johnston and Zieme",tveasey7f@pinterest.com,506-233-7017,United Kingdom,Edinburgh
Wehner Group,amacmeeking7g@cafepress.com,846-941-4879,United Kingdom,London
"Conroy, McCullough and Gibson",bpiris7h@blog.com,910-999-0190,United Kingdom,Milton
Stokes-Mraz,tbernhardt7i@wikimedia.org,680-425-7964,United Kingdom,Middleton
"Doyle, Emmerich and Schiller",ijakab7j@unblog.fr,554-675-9005,United Kingdom,Craigavon
"McDermott, Rice and Koch",lchislett7k@toplist.cz,274-369-8826,United Kingdom,Birmingham
King and Sons,rgilliard7l@abc.net.au,557-521-3616,United Kingdom,Aberdeen
Frami and Sons,ecluer7m@cbc.ca,640-542-0512,United Kingdom,Weston
Pfeffer-Torphy,mdevennie7n@webeden.co.uk,810-884-4526,United Kingdom,Craigavon
Leannon-White,tmarion7o@twitter.com,463-736-0707,United Kingdom,Halton
Stanton LLC,sbaldetti7p@phoca.cz,474-567-8498,United Kingdom,Newton
Kassulke Group,ncadney7q@hexun.com,189-401-2629,United Kingdom,Whitwell
"Barton, Hagenes and Koch",gpolamontayne7r@go.com,776-982-5241,United Kingdom,Newtown
Wilkinson and Sons,oturk7s@mlb.com,803-828-0162,United Kingdom,Middleton
Crona LLC,jbrockton7t@bizjournals.com,429-386-2253,United Kingdom,Tullich
"Murphy, Corkery and Kuphal",kdelamar7u@nasa.gov,291-419-9231,United Kingdom,Dean
"Wisoky, Bailey and Gulgowski",bashington7v@mac.com,983-687-8695,United Kingdom,Seaton
Satterfield-Bartell,mpomery7w@shareasale.com,406-647-7233,United Kingdom,Eaton
"Wolff, Heidenreich and Bogisich",vgobolos7x@unesco.org,547-725-3907,United Kingdom,Bradford
Champlin-Sanford,dpackington7y@dell.com,517-424-0078,United Kingdom,Whitwell
Mayert-Orn,ewarlton7z@wikia.com,805-190-7932,United Kingdom,Kinloch
Schmeler-DuBuque,hgally80@shinystat.com,470-803-5063,United Kingdom,Church End
Morissette-Hammes,lmckerron81@joomla.org,440-360-5048,United Kingdom,Kinloch
"Torphy, Bartell and Bahringer",marrowsmith82@narod.ru,130-867-2342,United Kingdom,Leeds
"Beer, Haag and Mitchell",jcrowley83@google.co.uk,323-730-2085,United Kingdom,Upton
"Hodkiewicz, Skiles and Hahn",pthamelt84@dailymotion.com,519-173-9313,United Kingdom,Newton
"Shanahan, Nolan and Klocko",mmerriment85@ehow.com,352-947-6072,United Kingdom,Middleton
"Murray, Bartoletti and Kutch",cdunk86@amazon.co.uk,509-166-0340,United Kingdom,Horton
"Veum, Konopelski and Ortiz",hsapwell87@state.tx.us,519-815-7970,United Kingdom,Middleton
"Howe, Pfeffer and Hilll",fitzkovici88@mashable.com,310-841-6431,United Kingdom,Eaton
"Bosco, Rutherford and Gibson",kmcquie89@timesonline.co.uk,458-840-8571,United Kingdom,London
Sawayn Inc,jolver8a@usatoday.com,187-385-4937,United Kingdom,Edinburgh
"Fahey, Fahey and Johns",fjellings8b@netscape.com,489-594-7823,United Kingdom,Middleton
"Beer, Haag and Mitchell",jcrowley83@google.co.uk,323-730-2085,United Kingdom,Upton
"Hodkiewicz, Skiles and Hahn",pthamelt84@dailymotion.com,519-173-9313,United Kingdom,Newton
"Shanahan, Nolan and Klocko",mmerriment85@ehow.com,352-947-6072,United Kingdom,Middleton
"Murray, Bartoletti and Kutch",cdunk8@6@amazon.co.uk,509-166-0340,United Kingdom,Horton
"Veum, Konopelski and Ortiz",hsapwell87@state.tx.us,519-815-7970,United Kingdom,Middleton
"Howe, Pfeffer and Hilll",fitzkovici88@mashable.com,310-841-641,United Kingdom,Eaton
"Bosco, Rutherford and Gibson",kmcquie89@timesonl.ine.co.uk,458-840-8571,United Kingdom,London
Sawayn Inc,j.olver8a@usatoday.com,187-385-4937,United Kingdom,Edinburgh
"Fahey, Fahey and Johns",fjellings8b@netscape.com.,489-594-7823,United Kingdom,Middleton
